info,A,C,D,E,F,G,H,I,K,L,M,N,P,Q,R,S,T,V,W,Y
a3-G,-5.784398346,-2.481806736,-8.3,-2.310877072,-3.726178971,2.003303359,-8.3,-1.574496869,-5.079920605,-3.589459137,-3.693795797,-3.947897078,-6.553618139,-3.608759693,-3.043244955,-3.177480643,-2.746263217,-4.236588844,-4.317419918,-4.411396066
a4-A,0.985902401,-3.823042722,-4.394882266,-8.3,-8.3,-4.186606872,NA,-5.863199848,-5.986056596,-8.3,NA,-4.492362153,-0.081840135,NA,-6.830778371,-3.298995908,-5.415740871,-5.611661081,-8.3,-5.07178647
a5-G,-3.66106775,-3.631119348,-3.910095298,-8.3,-3.687702877,1.254508777,-8.3,-8.02755288,-5.147134495,-4.671214754,-4.93563039,-5.102740376,-8.226861688,-8.3,-6.302412721,-5.32329145,-7.071407169,-5.168829566,-3.792039536,-8.3
a6-S,-8.3,-4.469366291,-6.147438196,-8.3,-4.671000152,-2.488475114,-3.594897173,-4.762148041,-6.606869815,-3.178465092,-3.179859674,-3.784868117,-2.799514893,-2.259912926,-2.897459943,0.794773457,-3.397981658,-4.39536571,-3.41752736,-3.4953615
a7-Q,-3.878027737,-2.865644012,-4.062945453,-2.685822975,-2.88450304,-4.428580207,-2.865644012,-6.819840323,-5.865644012,-3.680612118,-1.418185035,-4.842923936,-5.203513651,1.076567641,-1.659193135,-4.953106854,-5.128678418,-3.788476152,-1.865644012,-8.3
a8-G,-8.563644621,-5.913229058,-4.032659741,-5.696911152,-6.2533045,1.332763343,-8.3,-8.3,-5.101301407,-7.586728234,-7.085181741,-4.724925528,-5.105874136,-5.068879929,-5.615447051,-8.707480393,-5.194410811,-5.2863333,-5.035713065,-8.3
a9-N,-3.164604553,-5.270399217,-1.581745413,-1.760245304,-4.492791638,-4.293119293,-2.704545539,-6.907829137,-3.249337601,-6.187937057,-3.463044295,0.841737438,-5.52673897,-2.852546702,-6.45802622,-2.50382991,0.855444716,-4.889795215,-8.3,-3.067307351
a10-L,-5.694228958,-4.297113367,-6.671508882,-8.3,-6.771044555,-4.683581714,-6.256471382,-4.297113367,-5.186082055,1.078057694,-3.601119554,-3.571973208,-5.497790307,-4.156935709,-4.259013577,-4.351419787,-4.81835027,-4.50158388,-8.3,-4.297113367
a11-I,-4.108806418,-2.860878904,-5.405199421,-2.708875811,-4.030803906,-5.093539661,-4.838158828,1.081332749,-6.01468424,-3.456981963,-5.445841405,-6.275916404,-5.212864233,-3.196481936,-6.552040809,-4.194302638,-4.815075215,-3.680306659,-8.3,-5.815075215
b5-S,3.124997826,-3.725452879,-7.084461626,-1.515850584,-2.868773074,-2.449510989,-7.089755925,1.158712358,-3.913770151,-2.286616828,-3.960472909,-3.919830924,-0.593401437,-4.198205876,-1.914851486,0.046315657,-0.498327081,1.234790586,-4.058028218,-1.151026308
b6-R,-6.757324262,-3.566179647,-5.531454627,-10.78076564,-5.836731482,-4.478602745,-3.312141599,-6.728788351,-2.551001232,-3.147971689,-0.733652552,-4.126537506,-4.673375231,-6.5627784,0.146210342,-2.994824846,-3.717125433,-7.427618816,-5.319762826,-4.227594208
b7-S,-3.658161875,-5.33346583,-6.695122233,-3.733155365,-6.373612978,-2.826171303,-6.77497554,-2.992495287,-4.284170533,-4.682181445,-5.616546178,-3.908450312,-4.081864236,-0.208287211,-2.168839016,0.120781713,-3.059882127,0.243807935,-5.781670193,-6.505135957
b8-S,5.229044303,-2.453510196,-7.132633683,-5.091157047,-7.957994393,-1.045401784,-3.905188034,-3.280190871,-5.564965968,-4.499804871,-4.319185003,-2.912594648,-3.235744811,-0.066494993,-3.078181046,-0.180292901,-1.448776849,-3.520324875,-2.080932376,-3.791596765
b9-Y,-0.877710501,-2.690450629,-3.18982398,-4.591300081,1.283811223,-3.413342598,-0.912231217,-2.431028324,-4.885094488,-2.830460478,-3.83603367,-3.685473993,-3.126813066,-1.75243954,-0.098379931,-1.035979852,-2.513356318,-1.700874087,-1.001594869,0.100365568
b10-E,-3.418482811,1.499829017,-3.688720741,0.113767243,-3.391020271,-2.29746741,-3.958370034,-1.578117677,-2.272434912,-3.230890961,-3.365113511,-3.526557327,-4.148117909,-5.257177653,-4.569686406,-2.496015592,-1.676770698,-1.854754145,0.261796787,-3.899882515
b11-Q,-5.449460231,-7.449460231,-4.382346035,-1.699670596,-6.429282349,-2.588269108,-4.202928456,-6.762343186,-3.579228106,-3.453703455,-3.018825877,-1.678174564,-3.588021061,0.124368927,-3.528348202,-4.374651643,-4.132986566,-5.949533834,-3.199846341,-7.5
b12-Y,-3.216424509,-1.467486273,-1.32261739,-3.169557904,1.260505577,-6.216424509,-3.917901018,-4.185397613,0.33361769,-1.952404992,-2.854480735,3.207384095,-4.17933519,-5.013607626,-0.00470596,-1.9925607,-2.430110724,-2.711315316,-0.414087662,-0.05763285
